{
  "camera": {
    "is3d": true,
    "position": [
      120,
      -830,
      500
    ],
    "quaternion": [
      0.361645,
      -0.00464,
      -0.0002107,
      0.9323
    ]
  }
}
